{
  "version": 2,
  "title": "Khaki",
  "settings": {
    "color": {
      "palette": [
        {
          "slug": "background",
          "color": "#bdb76b",
          "name": "Background"
        },
        {
          "slug": "foreground",
          "color": "#191919",
          "name": "Foreground"
        },
        {
          "slug": "primary",
          "color": "#5b560f",
          "name": "Primary"
        },
        {
          "slug": "secondary",
          "color": "#e7e5ca",
          "name": "Secondary"
        },
        {
          "slug": "tertiary",
          "color": "#ded996",
          "name": "Tertiary"
        },
        {
          "slug": "link",
          "color": "#393609",
          "name": "Link"
        },
        {
          "slug": "link-hover",
          "color": "#373400",
          "name": "Link Hover"
        },
        {
          "slug": "link-alt",
          "color": "#56560f",
          "name": "Link Alt"
        },
        {
          "slug": "link-alt-hover",
          "color": "#373400",
          "name": "Link Alt Hover"
        }
      ],
      "gradients": [
        {
          "slug": "gray",
          "gradient": "linear-gradient(to bottom, #ffffff 0%, #808080 100%)",
          "name": "Gray"
        },
        {
          "slug": "subtle-violet",
          "gradient": "linear-gradient(to bottom, #ffffff 0%, #654d80 100%)",
          "name": "Subtle Violet"
        },
        {
          "slug": "subtle-yellow-green",
          "gradient": "linear-gradient(to bottom, #ffffff 0%, #a5b567 100%)",
          "name": "Subtle Yellow Green"
        },
        {
          "slug": "subtle-yellow",
          "gradient": "linear-gradient(to bottom, #ffffff 0%, #bdaa6b 100%)",
          "name": "Subtle Yellow"
        }
      ]
    },
    "blocks": {
      "core/button": {
        "color": {
          "palette": [
            {
              "slug": "accent-1",
              "color": "#a5b567",
              "name": "Subtle Yellow Green (Accent 1)"
            },
            {
              "slug": "accent-2",
              "color": "#bdaa6b",
              "name": "Subtle Yellow (Accent 2)"
            },
            {
              "slug": "accent-3",
              "color": "#56560f",
              "name": "Dark Khaki (Accent 3)"
            },
            {
              "slug": "accent-4",
              "color": "#373400",
              "name": "Dark Olive (Accent 4)"
            },
            {
              "slug": "accent-5",
              "color": "#654d80",
              "name": "Subtle Violet (Accent 5)"
            },
            {
              "slug": "text-dark",
              "color": "#191919",
              "name": "Text- dark"
            },
            {
              "slug": "text-light",
              "color": "#ffffff",
              "name": "Text- light"
            }
          ],
          "gradients": [
            {
              "slug": "translucent-1",
              "gradient": "linear-gradient(to bottom, rgba(255, 255, 255, 0.5) 0%, rgba(165, 181, 103, 0.5) 100%)",
              "name": "Subtle Yellow Green (Translucent 1)"
            },
            {
              "slug": "translucent-2",
              "gradient": "linear-gradient(to bottom, rgba(255, 255, 255, 0.5) 0%, rgba(189, 170, 107, 0.5) 100%)",
              "name": "Subtle Yellow (Translucent 2)"
            },
            {
              "slug": "translucent-3",
              "gradient": "linear-gradient(to bottom, rgba(255, 255, 255, 0.5) 0%, rgba(86, 86, 15, 0.5) 100%)",
              "name": "Dark Khaki (Translucent 3)"
            },
            {
              "slug": "translucent-4",
              "gradient": "linear-gradient(to bottom, rgba(255, 255, 255, 0.5) 0%, rgba(55, 52, 0, 0.5) 100%)",
              "name": "Dark Olive (Translucent 4)"
            },
            {
              "slug": "translucent-5",
              "gradient": "linear-gradient(to bottom, rgba(255, 255, 255, 0.5) 0%, rgba(101, 77, 128, 0.5) 100%)",
              "name": "Subtle Violet (Translucent 5)"
            }
          ]
        }
      },
      "core/cover": {
        "color": {
          "palette": [
            {
              "slug": "accent-1",
              "color": "#a5b567",
              "name": "Subtle Yellow Green (Accent 1)"
            },
            {
              "slug": "accent-2",
              "color": "#bdaa6b",
              "name": "Subtle Yellow (Accent 2)"
            },
            {
              "slug": "accent-3",
              "color": "#654d80",
              "name": "Subtle Violet (Accent 3)"
            },
            {
              "slug": "accent-4",
              "color": "#56560f",
              "name": "Dark Khaki (Accent 4)"
            },
            {
              "slug": "accent-5",
              "color": "#373400",
              "name": "Dark Olive (Accent 5)"
            },
            {
              "slug": "text-dark",
              "color": "#191919",
              "name": "Text- dark"
            },
            {
              "slug": "text-light",
              "color": "#ffffff",
              "name": "Text- light"
            }
          ]
        }
      },
      "core/navigation": {
        "color": {
          "palette": [
            {
              "slug": "accent-1",
              "color": "#a5b567",
              "name": "Subtle Yellow Green (Accent 1)"
            },
            {
              "slug": "accent-2",
              "color": "#bdaa6b",
              "name": "Subtle Yellow (Accent 2)"
            },
            {
              "slug": "accent-3",
              "color": "#56560f",
              "name": "Dark Khaki (Accent 3)"
            },
            {
              "slug": "accent-4",
              "color": "#373400",
              "name": "Dark Olive (Accent 4)"
            },
            {
              "slug": "accent-5",
              "color": "#654d80",
              "name": "Subtle Violet (Accent 5)"
            },
            {
              "slug": "text-dark",
              "color": "#191919",
              "name": "Text- dark"
            },
            {
              "slug": "text-light",
              "color": "#ffffff",
              "name": "Text- light"
            }
          ]
        }
      }
    },
    "custom": {
      "color": {
        "border": "var(--wp--preset--color--primary)",
        "postTitleHover": "var(--wp--preset--color--primary)",
        "opacity6bg": "rgba(0, 0, 0, 0.0625)",
        "opacity12bg": "rgba(0, 0, 0, 0.125)",
        "opacity25bg": "rgba(0, 0, 0, 0.25)",
        "opacity75bg": "rgba(0, 0, 0, 0.75)",
        "heading-fg": "#404040",
        "site-title-fg": "var(--wp--preset--color--primary)",
        "tab-fg": "#000000",
        "gallery-caption-bg": "rgba(0, 0, 0, 0.5)",
        "gallery-caption-fg": "#ffffff",
        "accent-3-fg": "#ffffff",
        "accent-4-fg": "#ffffff",
        "accent-5-fg": "#ffffff"
      },
      "gradient": {
        "light-to-dark": "linear-gradient(to bottom, rgba(255, 255, 255, 0.5) 0%, rgba(189, 183, 107, 0.5) 100%)",
        "dark-to-light": "linear-gradient(to bottom, rgba(189, 183, 107, 0.5) 0%, rgba(255, 255, 255, 0.5) 100%)"
      }
    }
  },
  "styles": {
    "typography": {
      "fontFamily": "var(--wp--preset--font-family--garamond)"
    }
  }
}
