{
  "version": 2,
  "title": "Purple/Bright Yellow",
  "settings": {
    "color": {
      "palette": [
        {
          "slug": "background",
          "color": "#820bbb",
          "name": "Background"
        },
        {
          "slug": "foreground",
          "color": "#ffffff",
          "name": "Foreground"
        },
        {
          "slug": "primary",
          "color": "#820bbb",
          "name": "Primary"
        },
        {
          "slug": "secondary",
          "color": "#efb7fb",
          "name": "Secondary"
        },
        {
          "slug": "tertiary",
          "color": "#f8fe03",
          "name": "Tertiary"
        },
        {
          "slug": "link",
          "color": "#d5c9f8",
          "name": "Link"
        },
        {
          "slug": "link-hover",
          "color": "#fec8e5",
          "name": "Link Hover"
        },
        {
          "slug": "link-alt",
          "color": "#4317bf",
          "name": "Link Alt"
        },
        {
          "slug": "link-alt-hover",
          "color": "#d90274",
          "name": "Link Alt Hover"
        }
      ],
      "gradients": [
        {
          "slug": "gray",
          "gradient": "linear-gradient(to bottom, #ffffff 0%, #808080 100%)",
          "name": "Gray"
        },
        {
          "slug": "bright-yellow",
          "gradient": "linear-gradient(to bottom, #ffffff 0%, #f8fe03 100%)",
          "name": "Bright Yellow"
        },
        {
          "slug": "magenta",
          "gradient": "linear-gradient(to bottom, #ffffff 0%, #cd00cd 100%)",
          "name": "Magenta"
        },
        {
          "slug": "violet",
          "gradient": "linear-gradient(to bottom, #ffffff 0%, #4811ae 100%)",
          "name": "Violet"
        }
      ]
    },
    "blocks": {
      "core/button": {
        "color": {
          "palette": [
            {
              "slug": "accent-1",
              "color": "#2040c0",
              "name": "Blue (Accent 1)"
            },
            {
              "slug": "accent-2",
              "color": "#cd00cd",
              "name": "Magenta (Accent 2)"
            },
            {
              "slug": "accent-3",
              "color": "#d5c9f8",
              "name": "Pale Blue (Accent 3)"
            },
            {
              "slug": "accent-4",
              "color": "#fec8e5",
              "name": "Soft Pink (Accent 4)"
            },
            {
              "slug": "accent-5",
              "color": "#f8fe03",
              "name": "Bright Yellow (Accent 5)"
            },
            {
              "slug": "text-dark",
              "color": "#191919",
              "name": "Text- dark"
            },
            {
              "slug": "text-light",
              "color": "#ffffff",
              "name": "Text- light"
            }
          ],
          "gradients": [
            {
              "slug": "translucent-1",
              "gradient": "linear-gradient(to bottom, rgba(255, 255, 255, 0.5) 0%, rgba(32, 64, 192, 0.5) 100%)",
              "name": "Blue (Translucent 1)"
            },
            {
              "slug": "translucent-2",
              "gradient": "linear-gradient(to bottom, rgba(255, 255, 255, 0.5) 0%, rgba(205, 0, 205, 0.5) 100%)",
              "name": "Magenta (Translucent 2)"
            },
            {
              "slug": "translucent-3",
              "gradient": "linear-gradient(to bottom, rgba(255, 255, 255, 0.5) 0%, rgba(207, 217, 249, 0.5) 100%)",
              "name": "Pale Blue (Translucent 3)"
            },
            {
              "slug": "translucent-4",
              "gradient": "linear-gradient(to bottom, rgba(255, 255, 255, 0.5) 0%, rgba(254, 200, 229, 0.5) 100%)",
              "name": "Soft Pink (Translucent 4)"
            },
            {
              "slug": "translucent-5",
              "gradient": "linear-gradient(to bottom, rgba(255, 255, 255, 0.5) 0%, rgba(248, 254, 3) 100%)",
              "name": "Bright Yellow (Translucent 5)"
            }
          ]
        }
      },
      "core/cover": {
        "color": {
          "palette": [
            {
              "slug": "accent-1",
              "color": "#2040c0",
              "name": "Blue (Accent 1)"
            },
            {
              "slug": "accent-2",
              "color": "#cd00cd",
              "name": "Magenta (Accent 2)"
            },
            {
              "slug": "accent-3",
              "color": "#f8fe03",
              "name": "Bright Yellow (Accent 3)"
            },
            {
              "slug": "accent-4",
              "color": "#d5c9f8",
              "name": "Pale Blue (Accent 4)"
            },
            {
              "slug": "accent-5",
              "color": "#fec8e5",
              "name": "Soft Pink (Accent 5)"
            },
            {
              "slug": "text-dark",
              "color": "#191919",
              "name": "Text- dark"
            },
            {
              "slug": "text-light",
              "color": "#ffffff",
              "name": "Text- light"
            }
          ]
        }
      },
      "core/navigation": {
        "color": {
          "palette": [
            {
              "slug": "accent-1",
              "color": "#2040c0",
              "name": "Blue (Accent 1)"
            },
            {
              "slug": "accent-2",
              "color": "#cd00cd",
              "name": "Magenta (Accent 2)"
            },
            {
              "slug": "accent-3",
              "color": "#d5c9f8",
              "name": "Pale Blue (Accent 3)"
            },
            {
              "slug": "accent-4",
              "color": "#fec8e5",
              "name": "Soft Pink (Accent 4)"
            },
            {
              "slug": "accent-5",
              "color": "#f8fe03",
              "name": "Bright Yellow (Accent 5)"
            },
            {
              "slug": "text-dark",
              "color": "#191919",
              "name": "Text- dark"
            },
            {
              "slug": "text-light",
              "color": "#ffffff",
              "name": "Text- light"
            }
          ]
        }
      }
    },
    "custom": {
      "color": {
        "tab-fg": "#191919",
        "accent-3-fg": "#000000"
      },
      "gradient": {
        "light-to-dark": "linear-gradient(to bottom, rgba(255, 255, 255, 0.5) 0%, rgba(248, 254, 3, 0.5) 100%)",
        "dark-to-light": "linear-gradient(to bottom, rgba(248, 254, 3, 0.5) 0%, rgba(255, 255, 255, 0.5) 100%)"
      }
    }
  }
}
