{
  "version": 2,
  "title": "Sandstone",
  "settings": {
    "color": {
      "palette": [
        {
          "slug": "background",
          "color": "#a78d84",
          "name": "Background"
        },
        {
          "slug": "foreground",
          "color": "#191919",
          "name": "Foreground"
        },
        {
          "slug": "primary",
          "color": "#4e2d21",
          "name": "Primary"
        },
        {
          "slug": "secondary",
          "color": "#e0d7d4",
          "name": "Secondary"
        },
        {
          "slug": "tertiary",
          "color": "#d3bab2",
          "name": "Tertiary"
        },
        {
          "slug": "link",
          "color": "#321d15",
          "name": "Link"
        },
        {
          "slug": "link-hover",
          "color": "#3c1b0f",
          "name": "Link Hover"
        },
        {
          "slug": "link-alt",
          "color": "#4e2d21",
          "name": "link-alt"
        },
        {
          "slug": "link-alt-hover",
          "color": "#3c1b0f",
          "name": "Link Alt Hover"
        }
      ],
      "gradients": [
        {
          "slug": "gray",
          "gradient": "linear-gradient(to bottom, #ffffff 0%, #808080 100%)",
          "name": "Gray"
        },
        {
          "slug": "subtle-green",
          "gradient": "linear-gradient(to bottom, #ffffff 0%, #5c7469 100%)",
          "name": "Subtle Green"
        },
        {
          "slug": "subtle-bronze",
          "gradient": "linear-gradient(to bottom, #ffffff 0%, #a79884 100%)",
          "name": "Subtle Bronze"
        },
        {
          "slug": "subtle-rose",
          "gradient": "linear-gradient(to bottom, #ffffff 0%, #93747f 100%)",
          "name": "Subtle Rose"
        }
      ]
    },
    "blocks": {
      "core/button": {
        "color": {
          "palette": [
            {
              "slug": "accent-1",
              "color": "#a79884",
              "name": "Subtle Bronze (Accent 1)"
            },
            {
              "slug": "accent-2",
              "color": "#93747f",
              "name": "Subtle Rose (Accent 2)"
            },
            {
              "slug": "accent-3",
              "color": "#4e2d21",
              "name": "Dark Brown (Accent 3)"
            },
            {
              "slug": "accent-4",
              "color": "#3c1b0f",
              "name": "Darker Brown (Accent 4)"
            },
            {
              "slug": "accent-5",
              "color": "#5c7469",
              "name": "Subtle Green (Accent 5)"
            },
            {
              "slug": "text-dark",
              "color": "#191919",
              "name": "Text- dark"
            },
            {
              "slug": "text-light",
              "color": "#ffffff",
              "name": "Text- light"
            }
          ],
          "gradients": [
            {
              "slug": "translucent-1",
              "gradient": "linear-gradient(to bottom, rgba(255, 255, 255, 0.5) 0%, rgba(167, 152, 132, 0.5) 100%)",
              "name": "Subtle Bronze (Translucent 1)"
            },
            {
              "slug": "translucent-2",
              "gradient": "linear-gradient(to bottom, rgba(255, 255, 255, 0.5) 0%, rgba(147, 116, 127, 0.5) 100%)",
              "name": "Subtle Rose (Translucent 2)"
            },
            {
              "slug": "translucent-3",
              "gradient": "linear-gradient(to bottom, rgba(255, 255, 255, 0.5) 0%, rgba(78, 45, 33, 0.5) 100%)",
              "name": "Dark Brown (Translucent 3)"
            },
            {
              "slug": "translucent-4",
              "gradient": "linear-gradient(to bottom, rgba(255, 255, 255, 0.5) 0%, rgba(60, 27, 15, 0.5) 100%)",
              "name": "Darker Brown (Translucent 4)"
            },
            {
              "slug": "translucent-5",
              "gradient": "linear-gradient(to bottom, rgba(255, 255, 255, 0.5) 0%, rgba(92, 116, 105, 0.5) 100%)",
              "name": "Subtle Green (Translucent 5)"
            }
          ]
        }
      },
      "core/cover": {
        "color": {
          "palette": [
            {
              "slug": "accent-1",
              "color": "#a79884",
              "name": "Subtle Bronze (Accent 1)"
            },
            {
              "slug": "accent-2",
              "color": "#93747f",
              "name": "Subtle Rose (Accent 2)"
            },
            {
              "slug": "accent-3",
              "color": "#5c7469",
              "name": "Subtle Green (Accent 3)"
            },
            {
              "slug": "accent-4",
              "color": "#4e2d21",
              "name": "Dark Brown (Accent 4)"
            },
            {
              "slug": "accent-5",
              "color": "#3c1b0f",
              "name": "Darker Brown (Accent 5)"
            },
            {
              "slug": "text-dark",
              "color": "#191919",
              "name": "Text- dark"
            },
            {
              "slug": "text-light",
              "color": "#ffffff",
              "name": "Text- light"
            }
          ]
        }
      },
      "core/navigation": {
        "color": {
          "palette": [
            {
              "slug": "accent-1",
              "color": "#a79884",
              "name": "Subtle Bronze (Accent 1)"
            },
            {
              "slug": "accent-2",
              "color": "#93747f",
              "name": "Subtle Rose (Accent 2)"
            },
            {
              "slug": "accent-3",
              "color": "#4e2d21",
              "name": "Dark Brown (Accent 3)"
            },
            {
              "slug": "accent-4",
              "color": "#3c1b0f",
              "name": "Darker Brown (Accent 4)"
            },
            {
              "slug": "accent-5",
              "color": "#5c7469",
              "name": "Subtle Green (Accent 5)"
            },
            {
              "slug": "text-dark",
              "color": "#191919",
              "name": "Text- dark"
            },
            {
              "slug": "text-light",
              "color": "#ffffff",
              "name": "Text- light"
            }
          ]
        }
      }
    },
    "custom": {
      "color": {
        "border": "var(--wp--preset--color--primary)",
        "postTitleHover": "var(--wp--preset--color--primary)",
        "heading-fg": "#404040",
        "site-title-fg": "var(--wp--preset--color--link)",
        "tab-fg": "#000000",
        "gallery-caption-bg": "rgba(0, 0, 0, 0.5)",
        "gallery-caption-fg": "#ffffff",
        "accent-1-fg": "#000000",
        "accent-2-fg": "#000000",
        "accent-4-fg": "#ffffff"
      },
      "gradient": {
        "light-to-dark": "linear-gradient(to bottom, rgba(255, 255, 255, 0.5) 0%, rgba(167, 152, 132, 0.5) 100%)",
        "dark-to-light": "linear-gradient(to bottom, rgba(167, 152, 132, 0.5) 0%, rgba(255, 255, 255, 0.5) 100%)"
      }
    }
  },
  "styles": {
    "typography": {
      "fontFamily": "var(--wp--preset--font-family--garamond)"
    }
  }
}
