{
  "version": 2,
  "title": "Blue/Orange",
  "settings": {
    "color": {
      "palette": [
        {
          "slug": "background",
          "color": "#2040c0",
          "name": "Background"
        },
        {
          "slug": "foreground",
          "color": "#ffffff",
          "name": "Foreground"
        },
        {
          "slug": "primary",
          "color": "#2040c0",
          "name": "Primary"
        },
        {
          "slug": "secondary",
          "color": "#d1d9f9",
          "name": "Secondary"
        },
        {
          "slug": "tertiary",
          "color": "#ffb704",
          "name": "Tertiary"
        },
        {
          "slug": "link",
          "color": "#c9effa",
          "name": "Link"
        },
        {
          "slug": "link-hover",
          "color": "#c5aff3",
          "name": "Link Hover"
        },
        {
          "slug": "link-alt",
          "color": "#0f90b5",
          "name": "Link Alt"
        },
        {
          "slug": "link-alt-hover",
          "color": "#511dc1",
          "name": "Link Alt Hover"
        }
      ],
      "gradients": [
        {
          "slug": "gray",
          "gradient": "linear-gradient(to bottom, #ffffff 0%, #808080 100%)",
          "name": "Gray"
        },
        {
          "slug": "orange",
          "gradient": "linear-gradient(to bottom, #ffffff 0%, #ffb704 100%)",
          "name": "Orange"
        },
        {
          "slug": "teal",
          "gradient": "linear-gradient(to bottom, #ffffff 0%, #0d7f9f 100%)",
          "name": "Teal"
        },
        {
          "slug": "violet",
          "gradient": "linear-gradient(to bottom, #ffffff 0%, #4811ae 100%)",
          "name": "Violet"
        }
      ]
    },
    "blocks": {
    	"core/button": {
    	  "color": {
    	  	 "palette": [
	        	{
	        	  "slug": "accent-1",
	        	  "color": "#0f90b5",
	        	  "name": "Accent 1"
	        	},
	        	{
	        	  "slug": "accent-2",
	        	  "color": "#511dc1",
	        	  "name": "Accent 2"
	        	},
	        	{
	        	  "slug": "accent-3",
	        	  "color": "#c9effa",
	        	  "name": "Accent 3"
	        	},
	        	{
	        	  "slug": "accent-4",
	        	  "color": "#c5aff3",
	        	  "name": "Accent 4"
	        	},
	        	{
	        		"slug": "accent-5",
	        		"color": "#ffb704",
	        		"name": "Accent 5"
	        	},
	        	{
	           "slug": "text-dark",
	           "color": "#191919",
	           "name": "Text- dark"
	         },
	         {
	           "slug": "text-light",
	           "color": "#ffffff",
	           "name": "Text- light"
	         }
	       ],
	       "gradients": [
	         {
	           "slug": "translucent-1",
	           "gradient": "linear-gradient(to bottom, rgba(255, 255, 255, 0.5) 0%, rgba(15, 144, 181, 0.5) 100%)",
	           "name": "Teal (Translucent 1)"
	         },
	         {
	           "slug": "translucent-2",
	           "gradient": "linear-gradient(to bottom, rgba(255, 255, 255, 0.5) 0%, rgba(81, 29, 193, 0.5) 100%)",
	           "name": "Violet (Translucent 2)"
	         },
	         {
	           "slug": "translucent-3",
	           "gradient": "linear-gradient(to bottom, rgba(255, 255, 255, 0.5) 0%, rgba(201, 239, 250, 0.5) 100%)",
	           "name": "Light Teal (Translucent 3)"
	         },
	         {
	           "slug": "translucent-4",
	           "gradient": "linear-gradient(to bottom, rgba(255, 255, 255, 0.5) 0%, rgba(197, 175, 243, 0.5) 100%)",
	           "name": "Light Violet (Translucent 4)"
	         },
	         {
	           "slug": "translucent-5",
	           "gradient": "linear-gradient(to bottom, rgba(255, 255, 255, 0.5) 0%, rgba(255, 183, 4, 0.5) 100%)",
	           "name": "Orange (Translucent 5)"
	         }
	       ]
    	  }
    	},
    	"core/cover": {
    	  "color": {
    	    "palette": [
    	      {
	        	  "slug": "accent-1",
	        	  "color": "#0f90b5",
	        	  "name": "Accent 1"
	        	},
	        	{
	        	  "slug": "accent-2",
	        	  "color": "#511dc1",
	        	  "name": "Accent 2"
	        	},
	        	{
	        	  "slug": "accent-3",
	        	  "color": "#ffb704",
	        	  "name": "Accent 3"
	        	},
	        	{
	        	  "slug": "accent-4",
	        	  "color": "#c9effa",
	        	  "name": "Accent 4"
	        	},
	        	{
	        		"slug": "accent-5",
	        		"color": "#c5aff3",
	        		"name": "Accent 5"
	        	},
	        	{
	           "slug": "text-dark",
	           "color": "#191919",
	           "name": "Text- dark"
	         },
	         {
	           "slug": "text-light",
	           "color": "#ffffff",
	           "name": "Text- light"
	         }
    	    ]
    	  }
    	},
      "core/navigation": {
        "color": {
	       "palette": [
	        	{
	        	  "slug": "accent-1",
	        	  "color": "#0f90b5",
	        	  "name": "Accent 1"
	        	},
	        	{
	        	  "slug": "accent-2",
	        	  "color": "#511dc1",
	        	  "name": "Accent 2"
	        	},
	        	{
	        	  "slug": "accent-3",
	        	  "color": "#c9effa",
	        	  "name": "Accent 3"
	        	},
	        	{
	        	  "slug": "accent-4",
	        	  "color": "#c5aff3",
	        	  "name": "Accent 4"
	        	},
	        	{
	           "slug": "text-dark",
	           "color": "#191919",
	           "name": "Text- dark"
	         },
	         {
	           "slug": "text-light",
	           "color": "#ffffff",
	           "name": "Text- light"
	         }
	       ]
        }
      }
    },
    "custom": {
    	"color": {
    	  "tab-fg": "#191919",
    	  "accent-3-fg": "#000000"
    	},
      "gradient": {
        "light-to-dark": "linear-gradient(to bottom, rgba(255, 255, 255, 0.5) 0%, rgba(255, 183, 4, 0.5) 100%)",
    	  "dark-to-light": "linear-gradient(to bottom, rgba(255, 183, 4, 0.5) 0%, rgba(255, 255, 255, 0.5) 100%)"
    	}
    }
  }
}
