{
  "$schema": "https://schemas.wp.org/trunk/theme.json",
  "version": 2,
  "settings": {
    "useRootPaddingAwareAlignments": true,
    "border": {
      "radius": true
    },
    "color": {
      "link": true,
      "palette": [
        {
          "slug": "background",
          "color": "#191919",
          "name": "Background"
        },
        {
          "slug": "foreground",
          "color": "#ffffff",
          "name": "Foreground"
        },
        {
          "slug": "primary",
          "color": "#808080",
          "name": "Primary"
        },
        {
          "slug": "secondary",
          "color": "#dedede",
          "name": "Secondary"
        },
        {
          "slug": "tertiary",
          "color": "#808080",
          "name": "Tertiary"
        },
        {
          "slug": "link",
          "color": "#c4c4ff",
          "name": "Link"
        },
        {
          "slug": "link-hover",
          "color": "#ffc4c4",
          "name": "Link Hover"
        },
        {
          "slug": "link-alt",
          "color": "#0000cc",
          "name": "Link Alt"
        },
        {
          "slug": "link-alt-hover",
          "color": "#cc0000",
          "name": "Link Alt Hover"
        }
      ],
      "gradients": [
        {
          "slug": "gray",
          "gradient": "linear-gradient(to bottom, #ffffff 0%, #808080 100%)",
          "name": "Gray"
        },
        {
          "slug": "orange",
          "gradient": "linear-gradient(to bottom, #ffffff 0%, #ffb704 100%)",
          "name": "Orange"
        },
        {
          "slug": "bright-yellow",
          "gradient": "linear-gradient(to bottom, #ffffff 0%, #f8fe03 100%)",
          "name": "Bright Yellow"
        },
        {
          "slug": "yellow-green",
          "gradient": "linear-gradient(to bottom, #ffffff 0%, #cffa00 100%)",
          "name": "Yellow Green"
        },
        {
          "slug": "teal",
          "gradient": "linear-gradient(to bottom, #ffffff 0%, #0d7f9f 100%)",
          "name": "Teal"
        },
        {
          "slug": "violet",
          "gradient": "linear-gradient(to bottom, #ffffff 0%, #4811ae 100%)",
          "name": "Violet"
        },
        {
          "slug": "light-khaki",
          "gradient": "linear-gradient(to bottom, #ffffff 0%, #ded996 100%)",
          "name": "Light Khaki"
        },
        {
          "slug": "light-tan",
          "gradient": "linear-gradient(to bottom, #ffffff 0%, #e9d0ae 100%)",
          "name": "Light Tan"
        },
        {
          "slug": "light-sandstone",
          "gradient": "linear-gradient(to bottom, #ffffff 0%, #d3bab2 100%)",
          "name": "Light Sandstone"
        }
      ]
    },
    "blocks": {
      "core/button": {
        "color": {
          "customGradient": false,
          "defaultPalette": false,
          "defaultGradients": false,
          "palette": [
            {
              "slug": "accent-1",
              "color": "#2040c0",
              "name": "Blue (Accent 1)"
            },
            {
              "slug": "accent-2",
              "color": "#820bbb",
              "name": "Purple (Accent 2)"
            },
            {
              "slug": "accent-3",
              "color": "#cd00cd",
              "name": "Magenta (Accent 3)"
            },
            {
              "slug": "accent-4",
              "color": "#ff870d",
              "name": "Deep Orange (Accent 4)"
            },
            {
              "slug": "accent-5",
              "color": "#ffe000",
              "name": "Yellow (Accent 5)"
            },
            {
              "slug": "accent-6",
              "color": "#bdb76b",
              "name": "Khaki (Accent 6)"
            },
            {
              "slug": "accent-7",
              "color": "#d2b48c",
              "name": "Tan (Accent 7)"
            },
            {
              "slug": "accent-8",
              "color": "#a78d84",
              "name": "Sandstone (Accent 8)"
            },
            {
              "slug": "text-dark",
              "color": "#191919",
              "name": "Text- dark"
            },
            {
              "slug": "text-light",
              "color": "#ffffff",
              "name": "Text- light"
            }
          ],
          "gradients": [
            {
              "slug": "translucent-1",
              "gradient": "linear-gradient(to bottom, rgba(255, 255, 255, 0.5) 0%, rgba(32, 64, 192, 0.5) 100%)",
              "name": "Blue (Translucent 1)"
            },
            {
              "slug": "translucent-2",
              "gradient": "linear-gradient(to bottom, rgba(255, 255, 255, 0.5) 0%, rgba(130, 11, 187, 0.5) 100%)",
              "name": "Purple (Translucent 2)"
            },
            {
              "slug": "translucent-3",
              "gradient": "linear-gradient(to bottom, rgba(255, 255, 255, 0.5) 0%, rgba(205, 0, 205, 0.5) 100%)",
              "name": "Magenta (Translucent 3)"
            },
            {
              "slug": "translucent-4",
              "gradient": "linear-gradient(to bottom, rgba(255, 255, 255, 0.5) 0%, rgba(235, 135, 13, 0.5) 100%)",
              "name": "Deep Orange (Translucent 4)"
            },
            {
              "slug": "translucent-5",
              "gradient": "linear-gradient(to bottom, rgba(255, 255, 255, 0.5) 0%, rgba(255, 224, 0, 0.5) 100%)",
              "name": "Yellow (Translucent 5)"
            },
            {
              "slug": "translucent-6",
              "gradient": "linear-gradient(to bottom, rgba(255, 255, 255, 0.5) 0%, rgba(189, 183, 107, 0.5) 100%)",
              "name": "Khaki (Translucent 6)"
            },
            {
              "slug": "translucent-7",
              "gradient": "linear-gradient(to bottom, rgba(255, 255, 255, 0.5) 0%, rgba(210, 180, 140, 0.5) 100%)",
              "name": "Tan (Translucent 7)"
            },
            {
              "slug": "translucent-8",
              "gradient": "linear-gradient(to bottom, rgba(255, 255, 255, 0.5) 0%, rgba(167, 141, 132, 0.5) 100%)",
              "name": "Sandstone (Translucent 8)"
            }
          ]
        }
      },
      "core/cover": {
        "color": {
          "palette": [
            {
              "slug": "accent-1",
              "color": "#2040c0",
              "name": "Blue (Accent 1)"
            },
            {
              "slug": "accent-2",
              "color": "#820bbb",
              "name": "Purple (Accent 2)"
            },
            {
              "slug": "accent-3",
              "color": "#cd00cd",
              "name": "Magenta (Accent 3)"
            },
            {
              "slug": "accent-4",
              "color": "#ff870d",
              "name": "Deep Orange (Accent 4)"
            },
            {
              "slug": "accent-5",
              "color": "#ffe000",
              "name": "Yellow (Accent 5)"
            },
            {
              "slug": "accent-6",
              "color": "#bdb76b",
              "name": "Khaki (Accent 6)"
            },
            {
              "slug": "accent-7",
              "color": "#d2b48c",
              "name": "Tan (Accent 7)"
            },
            {
              "slug": "accent-8",
              "color": "#a78d84",
              "name": "Sandstone (Accent 8)"
            }
          ]
        }
      },
      "core/post-title": {
        "color": {
          "link": false
        }
      },
      "core/navigation": {
        "color": {
          "custom": false,
          "defaultPalette": false,
          "palette": [
            {
              "slug": "accent-1",
              "color": "#2040c0",
              "name": "Blue (Accent 1)"
            },
            {
              "slug": "accent-2",
              "color": "#820bbb",
              "name": "Purple (Accent 2)"
            },
            {
              "slug": "accent-3",
              "color": "#cd00cd",
              "name": "Magenta (Accent 3)"
            },
            {
              "slug": "accent-4",
              "color": "#ff870d",
              "name": "Deep Orange (Accent 4)"
            },
            {
              "slug": "accent-5",
              "color": "#ffe000",
              "name": "Yellow (Accent 5)"
            },
            {
              "slug": "accent-6",
              "color": "#bdb76b",
              "name": "Khaki (Accent 6)"
            },
            {
              "slug": "accent-7",
              "color": "#d2b48c",
              "name": "Tan (Accent 7)"
            },
            {
              "slug": "accent-8",
              "color": "#a78d84",
              "name": "Sandstone (Accent 8)"
            },
            {
              "slug": "text-dark",
              "color": "#191919",
              "name": "Text- dark"
            },
            {
              "slug": "text-light",
              "color": "#ffffff",
              "name": "Text- light"
            }
          ]
        }
      }
    },
    "layout": {
      "contentSize": "720px",
      "wideSize": "1080px"
    },
    "spacing": {
      "blockGap": true,
      "margin": true,
      "padding": true,
      "units": ["px", "em", "rem", "vh", "vw"]
    },
    "typography": {
      "customFontWeight": false,
      "textDecoration": false,
      "fontFamilies": [
        {
          "fontFamily": "-apple-system, BlinkMacSystemFont, Segoe UI, Roboto, Oxygen-Sans, Ubuntu, Cantarell, Helvetica Neue, sans-serif",
          "slug": "system-fonts",
          "name": "System fonts"
        },
        {
          "fontFamily": "Jura Book, sans-serif",
          "slug": "jura",
          "name": "Jura Book"
        },
        {
          "fontFamily": "EB Garamond Regular, serif",
          "slug": "garamond",
          "name": "EB Garamond Regular"
        }
      ],
      "fontSizes": [
        {
          "slug": "extra-small",
          "size": "0.6rem",
          "name": "Extra Small"
        },
        {
          "slug": "small",
          "size": "0.75rem",
          "name": "Small"
        },
        {
          "slug": "normal",
          "size": "1rem",
          "name": "Normal"
        },
        {
          "slug": "large",
          "size": "2rem",
          "name": "Large"
        },
        {
          "slug": "extra-large",
          "size": "3rem",
          "name": "Extra Large"
        }
      ]
    },
    "custom": {
      "color": {
        "border": "var(--wp--preset--color--background)",
        "borderSticky": "var(--wp--preset--color--background)",
        "hoverBg": "var(--wp--preset--color--background)",
        "hoverFg": "var(--wp--preset--color--foreground)",
        "postTitleHover": "var(--wp--preset--color--background)",
        "opacity6bg": "rgba(255, 255, 255, 0.0625)",
        "opacity12bg": "rgba(255, 255, 255, 0.125)",
        "opacity12base": "rgba(0, 0, 0, 0.125)",
        "opacity25bg": "rgba(255, 255, 255, 0.25)",
        "opacity25base": "rgba(0, 0, 0, 0.25)",
        "opacity75bg": "rgba(255, 255, 255, 0.75)",
        "opacity75base": "rgba(0, 0, 0, 0.75)",
        "heading-fg": "#dedede",
        "site-title-fg": "#ffffff",
        "tab-fg": "#ffffff",
        "gallery-caption-bg": "rgba(255, 255, 255, 0.5)",
        "gallery-caption-fg": "#000000",
        "accent-1-fg": "#ffffff",
        "accent-2-fg": "#ffffff",
        "accent-3-fg": "#ffffff",
        "accent-4-fg": "#000000",
        "accent-5-fg": "#000000",
        "accent-6-fg": "#000000",
        "accent-7-fg": "#000000",
        "accent-8-fg": "#000000"
      },
      "gradient": {
        "light-to-dark": "linear-gradient(to bottom, rgba(255, 255, 255, 0.5) 0%, rgba(0, 0, 0, 0.5) 100%)",
        "dark-to-light": "linear-gradient(to bottom, rgba(0, 0, 0, 0.5) 0%, rgba(255, 255, 255, 0.5) 100%)"
      },
      "widths": {
        "default": "60%",
        "wide": "80%",
        "full": "100%",
        "content": "720px"
      }
    }
  },
  "styles": {
    "color": {
      "background": "var(--wp--preset--color--background)",
      "text": "var(--wp--preset--color--foreground)"
    },
    "blocks": {
      "core/button": {
        "variations": {
          "outline": {
            "color": {
              "background": "transparent"
            },
            "spacing": {
              "padding": {
                "top": "0.5rem",
                "right": "1rem",
                "bottom": "0.5rem",
                "left": "1rem"
              }
            }
          }
        }
      },
      "core/site-title": {
        "typography": {
          "fontFamily": "var(--wp--preset--font-family--garamond)",
          "fontSize": "var(--wp--preset--font-size--large)"
        }
      },
      "core/site-tagline": {
        "typography": {
          "fontFamily": "var(--wp--preset--font-family--garamond)",
          "fontSize": "1.25rem"
        }
      },
      "core/navigation": {
        "typography": {
          "fontFamily": "var(--wp--preset--font-family--garamond)"
        }
      },
      "core/social-links": {
        "spacing": {
          "blockGap": "0.5em"
        }
      },
      "core/column": {
        "spacing": {
          "padding": {
            "top": "1rem",
            "right": "1rem",
            "bottom": "1rem",
            "left": "1rem"
          }
        }
      },
      "core/query-pagination-previous": {
        "color": {
          "link": "var(--wp--preset--color--white)"
        }
      },
      "core/query-pagination-next": {
        "color": {
          "link": "var(--wp--preset--color--white)"
        }
      },
      "core/preformatted": {
        "typography": {
          "fontSize": "var(--wp--preset--font-size--normal)"
        }
      },
      "core/code": {
        "typography": {
          "fontSize": "var(--wp--preset--font-size--normal)"
        }
      }
    },
    "elements": {
      "button": {
        "color": {
          "text": "var(--wp--preset--color--black)",
          "background": "#f5f5f5"
        },
        ":hover": {
          "color": {
            "background": "var(--wp--preset--color--secondary)"
          }
        },
        "border": {
          "radius": "0.5em"
        },
        "spacing": {
          "padding": {
            "top": "0.5rem",
            "right": "1rem",
            "bottom": "0.5rem",
            "left": "1rem"
          }
        },
        "typography": {
          "fontSize": "1rem",
          "fontWeight": "bold"
        }
      },
      "link": {
        "color": {
          "text": "var(--wp--preset--color--link)"
        },
        ":hover": {
          "color": {
            "text": "var(--wp--preset--color--link-hover)"
          }
        },
        "typography": {
          "textDecoration": "none"
        }
      },
      "h1": {
        "typography": {
          "fontFamily": "var(--wp--preset--font-family--garamond)",
          "fontSize": "var(--wp--preset--font-size--large)",
          "fontWeight": "400"
        }
      },
      "h2": {
        "typography": {
          "fontFamily": "var(--wp--preset--font-family--garamond)",
          "fontSize": "1.75rem",
          "fontWeight": "400"
        }
      },
      "h3": {
        "typography": {
          "fontFamily": "var(--wp--preset--font-family--garamond)",
          "fontSize": "1.5rem",
          "fontWeight": "400"
        }
      },
      "h4": {
        "typography": {
          "fontFamily": "var(--wp--preset--font-family--garamond)",
          "fontSize": "1.25rem",
          "fontWeight": "400"
        }
      },
      "h5": {
        "typography": {
          "fontFamily": "var(--wp--preset--font-family--garamond)",
          "fontSize": "var(--wp--preset--font-size--normal)",
          "fontWeight": "400"
        }
      },
      "h6": {
        "typography": {
          "fontFamily": "var(--wp--preset--font-family--garamond)",
          "fontSize": "var(--wp--preset--font-size--small)",
          "fontWeight": "400"
        }
      }
    },
    "spacing": {
      "blockGap": "1.5em",
      "padding": {
        "top": "1.5rem",
        "right": "1.5rem",
        "bottom": "1.5rem",
        "left": "1.5rem"
      }
    },
    "typography": {
      "fontFamily": "var(--wp--preset--font-family--jura)"
    }
  },
  "customTemplates": [
    {
      "name": "page-header-left",
      "title": "Page- Left Side Header",
      "postTypes": ["page", "post"]
    },
    {
      "name": "page-no-sidebar",
      "title": "Page- No Sidebar",
      "postTypes": ["page"]
    },
    {
      "name": "blank",
      "title": "Blank Page",
      "postTypes": ["page", "post"]
    }
  ],
  "templateParts": [
    {
      "name": "header",
      "title": "Header",
      "area": "header"
    },
    {
      "name": "header-vertical",
      "title": "Header- Vertical",
      "area": "header"
    },
    {
      "name": "sidebar",
      "title": "Sidebar"
    },
    {
      "name": "footer",
      "title": "Footer",
      "area": "footer"
    }
  ]
}
