{
  "version": 2,
  "title": "Orange/Teal",
  "settings": {
    "color": {
      "palette": [
        {
          "slug": "background",
          "color": "#ff870d",
          "name": "Background"
        },
        {
          "slug": "foreground",
          "color": "#000000",
          "name": "Foreground"
        },
        {
          "slug": "primary",
          "color": "#0d7f9f",
          "name": "Primary"
        },
        {
          "slug": "secondary",
          "color": "#ffdfbe",
          "name": "Secondary"
        },
        {
          "slug": "tertiary",
          "color": "#0d7f9f",
          "name": "Tertiary"
        },
        {
          "slug": "link",
          "color": "#12236a",
          "name": "Link"
        },
        {
          "slug": "link-hover",
          "color": "#033b14",
          "name": "Link Hover"
        },
        {
          "slug": "link-alt",
          "color": "#1d39ad",
          "name": "Link Alt"
        },
        {
          "slug": "link-alt-hover",
          "color": "#067227",
          "name": "Link Alt Hover"
        }
      ],
      "gradients": [
        {
          "slug": "gray",
          "gradient": "linear-gradient(to bottom, #ffffff 0%, #808080 100%)",
          "name": "Gray"
        },
        {
          "slug": "teal",
          "gradient": "linear-gradient(to bottom, #ffffff 0%, #0d7f9f 100%)",
          "name": "Teal"
        },
        {
          "slug": "magenta",
          "gradient": "linear-gradient(to bottom, #ffffff 0%, #cd00cd 100%)",
          "name": "Magenta"
        },
        {
          "slug": "yellow",
          "gradient": "linear-gradient(to bottom, #ffffff 0%, #ffe000 100%)",
          "name": "Yellow"
        }
      ]
    },
    "blocks": {
      "core/button": {
        "color": {
          "palette": [
            {
              "slug": "accent-1",
              "color": "#cd00cd",
              "name": "Magenta (Accent 1)"
            },
            {
              "slug": "accent-2",
              "color": "#ffe000",
              "name": "Yellow (Accent 2)"
            },
            {
              "slug": "accent-3",
              "color": "#d2d9f7",
              "name": "Pastel Blue (Accent 3)"
            },
            {
              "slug": "accent-4",
              "color": "#cafcd9",
              "name": "Pastel Green (Accent 4)"
            },
            {
              "slug": "accent-5",
              "color": "#0d7f9f",
              "name": "Teal (Accent 5)"
            },
            {
              "slug": "text-dark",
              "color": "#191919",
              "name": "Text- dark"
            },
            {
              "slug": "text-light",
              "color": "#ffffff",
              "name": "Text- light"
            }
          ],
          "gradients": [
            {
              "slug": "translucent-1",
              "gradient": "linear-gradient(to bottom, rgba(255, 255, 255, 0.5) 0%, rgba(205, 0, 205, 0.5) 100%)",
              "name": "Magenta (Translucent 1)"
            },
            {
              "slug": "translucent-2",
              "gradient": "linear-gradient(to bottom, rgba(255, 255, 255, 0.5) 0%, rgba(255, 224, 0, 0.5) 100%)",
              "name": "Yellow (Translucent 2)"
            },
            {
              "slug": "translucent-3",
              "gradient": "linear-gradient(to bottom, rgba(255, 255, 255, 0.5) 0%, rgba(210, 217, 247, 0.5) 100%)",
              "name": "Pastel Blue (Translucent 3)"
            },
            {
              "slug": "translucent-4",
              "gradient": "linear-gradient(to bottom, rgba(255, 255, 255, 0.5) 0%, rgba(202, 252, 217, 0.5) 100%)",
              "name": "Pastel Green (Translucent 4)"
            },
            {
              "slug": "translucent-5",
              "gradient": "linear-gradient(to bottom, rgba(255, 255, 255, 0.5) 0%, rgba(13, 127, 159, 0.5) 100%)",
              "name": "Teal (Translucent 5)"
            }
          ]
        }
      },
      "core/cover": {
        "color": {
          "palette": [
            {
              "slug": "accent-1",
              "color": "#cd00cd",
              "name": "Magenta (Accent 1)"
            },
            {
              "slug": "accent-2",
              "color": "#ffe000",
              "name": "Yellow (Accent 2)"
            },
            {
              "slug": "accent-3",
              "color": "#0d7f9f",
              "name": "Teal (Accent 3)"
            },
            {
              "slug": "accent-4",
              "color": "#d2d9f7",
              "name": "Pastel Blue (Accent 4)"
            },
            {
              "slug": "accent-5",
              "color": "#cafcd9",
              "name": "Pastel Green (Accent 5)"
            },
            {
              "slug": "text-dark",
              "color": "#191919",
              "name": "Text- dark"
            },
            {
              "slug": "text-light",
              "color": "#ffffff",
              "name": "Text- light"
            }
          ]
        }
      },
      "core/navigation": {
        "color": {
          "palette": [
            {
              "slug": "accent-1",
              "color": "#cd00cd",
              "name": "Magenta (Accent 1)"
            },
            {
              "slug": "accent-2",
              "color": "#ffe000",
              "name": "Yellow (Accent 2)"
            },
            {
              "slug": "accent-3",
              "color": "#d2d9f7",
              "name": "Pastel Blue (Accent 3)"
            },
            {
              "slug": "accent-4",
              "color": "#cafcd9",
              "name": "Pastel Green (Accent 4)"
            },
            {
              "slug": "accent-5",
              "color": "#0d7f9f",
              "name": "Teal (Accent 5)"
            },
            {
              "slug": "text-dark",
              "color": "#191919",
              "name": "Text- dark"
            },
            {
              "slug": "text-light",
              "color": "#ffffff",
              "name": "Text- light"
            }
          ]
        }
      }
    },
    "custom": {
      "color": {
        "border": "var(--wp--preset--color--primary)",
        "hoverBg": "var(--wp--preset--color--primary)",
        "hoverFg": "var(--wp--preset--color--white)",
        "opacity75bg": "rgba(0, 0, 0, 0.75)",
        "postTitleHover": "var(--wp--preset--color--primary)",
        "heading-fg": "#404040",
        "site-title-fg": "#074556",
        "gallery-caption-bg": "rgba(0, 0, 0, 0.5)",
        "gallery-caption-fg": "#ffffff",
        "accent-3-fg": "#000000"
      },
      "gradient": {
        "light-to-dark": "linear-gradient(to bottom, rgba(255, 255, 255, 0.5) 0%, rgba(13, 127, 159, 0.5) 100%)",
        "dark-to-light": "linear-gradient(to bottom, rgba(13, 127, 159, 0.5) 0%, rgba(255, 255, 255, 0.5) 100%)"
      }
    }
  }
}
