{
  "version": 2,
  "title": "Yellow/Violet",
  "settings": {
    "color": {
      "palette": [
        {
          "slug": "background",
          "color": "#ffe000",
          "name": "Background"
        },
        {
          "slug": "foreground",
          "color": "#000000",
          "name": "Foreground"
        },
        {
          "slug": "primary",
          "color": "#4811ae",
          "name": "Primary"
        },
        {
          "slug": "secondary",
          "color": "#fff8c4",
          "name": "Secondary"
        },
        {
          "slug": "tertiary",
          "color": "#4811ae",
          "name": "Tertiary"
        },
        {
          "slug": "link",
          "color": "#8c04a8",
          "name": "Link"
        },
        {
          "slug": "link-hover",
          "color": "#172caf",
          "name": "Link Hover"
        },
        {
          "slug": "link-alt",
          "color": "#8c04a8",
          "name": "Link Alt"
        },
        {
          "slug": "link-alt-hover",
          "color": "#172caf",
          "name": "Link Alt Hover"
        }
      ],
      "gradients": [
        {
          "slug": "gray",
          "gradient": "linear-gradient(to bottom, #ffffff 0%, #808080 100%)",
          "name": "Gray"
        },
        {
          "slug": "violet",
          "gradient": "linear-gradient(to bottom, #ffffff 0%, #4811ae 100%)",
          "name": "Violet"
        },
        {
          "slug": "orange",
          "gradient": "linear-gradient(to bottom, #ffffff 0%, #ff870d 100%)",
          "name": "Deep Orange"
        },
        {
          "slug": "yellow-green",
          "gradient": "linear-gradient(to bottom, #ffffff 0%, #cffa00 100%)",
          "name": "Yellow Green"
        }
      ]
    },
    "blocks": {
      "core/button": {
        "color": {
          "palette": [
            {
              "slug": "accent-1",
              "color": "#ff870d",
              "name": "Deep Orange (Accent 1)"
            },
            {
              "slug": "accent-2",
              "color": "#cffa00",
              "name": "Yellow Green (Accent 2)"
            },
            {
              "slug": "accent-3",
              "color": "#8c04a8",
              "name": "Violet Red (Accent 3)"
            },
            {
              "slug": "accent-4",
              "color": "#172caf",
              "name": "Violet Blue (Accent 4)"
            },
            {
              "slug": "accent-5",
              "color": "#4811ae",
              "name": "Violet (Accent 5)"
            },
            {
              "slug": "text-dark",
              "color": "#191919",
              "name": "Text- dark"
            },
            {
              "slug": "text-light",
              "color": "#ffffff",
              "name": "Text- light"
            }
          ],
          "gradients": [
            {
              "slug": "translucent-1",
              "gradient": "linear-gradient(to bottom, rgba(255, 255, 255, 0.5) 0%, rgba(255, 135, 13, 0.5) 100%)",
              "name": "Deep Orange (Translucent 1)"
            },
            {
              "slug": "translucent-2",
              "gradient": "linear-gradient(to bottom, rgba(255, 255, 255, 0.5) 0%, rgba(207, 250, 0, 0.5) 100%)",
              "name": "Yellow Green (Translucent 2)"
            },
            {
              "slug": "translucent-3",
              "gradient": "linear-gradient(to bottom, rgba(255, 255, 255, 0.5) 0%, rgba(140, 4, 168, 0.5) 100%)",
              "name": "Violet Red (Translucent 3)"
            },
            {
              "slug": "translucent-4",
              "gradient": "linear-gradient(to bottom, rgba(255, 255, 255, 0.5) 0%, rgba(23, 44, 175, 0.5) 100%)",
              "name": "Violet Blue (Translucent 4)"
            },
            {
              "slug": "translucent-5",
              "gradient": "linear-gradient(rgba(255, 255, 255, 0.5) 0%, rgba(72, 17, 174, 0.5) 100%)",
              "name": "Violet (Translucent 5)"
            }
          ]
        }
      },
      "core/cover": {
        "color": {
          "palette": [
            {
              "slug": "accent-1",
              "color": "#ff870d",
              "name": "Deep Orange (Accent 1)"
            },
            {
              "slug": "accent-2",
              "color": "#cffa00",
              "name": "Yellow Green (Accent 2)"
            },
            {
              "slug": "accent-3",
              "color": "#4811ae",
              "name": "Violet (Accent 3)"
            },
            {
              "slug": "accent-4",
              "color": "#8c04a8",
              "name": "Violet Red (Accent 4)"
            },
            {
              "slug": "accent-5",
              "color": "#172caf",
              "name": "Violet Blue (Accent 5)"
            },
            {
              "slug": "text-dark",
              "color": "#191919",
              "name": "Text- dark"
            },
            {
              "slug": "text-light",
              "color": "#ffffff",
              "name": "Text- light"
            }
          ]
        }
      },
      "core/navigation": {
        "color": {
          "palette": [
            {
              "slug": "accent-1",
              "color": "#ff870d",
              "name": "Deep Orange (Accent 1)"
            },
            {
              "slug": "accent-2",
              "color": "#cffa00",
              "name": "Yellow Green (Accent 2)"
            },
            {
              "slug": "accent-3",
              "color": "#8c04a8",
              "name": "Violet Red (Accent 3)"
            },
            {
              "slug": "accent-4",
              "color": "#172caf",
              "name": "Violet Blue (Accent 4)"
            },
            {
              "slug": "accent-5",
              "color": "#4811ae",
              "name": "Violet (Accent 5)"
            },
            {
              "slug": "text-dark",
              "color": "#191919",
              "name": "Text- dark"
            },
            {
              "slug": "text-light",
              "color": "#ffffff",
              "name": "Text- light"
            }
          ]
        }
      }
    },
    "custom": {
      "color": {
        "border": "var(--wp--preset--color--primary)",
        "hoverBg": "var(--wp--preset--color--primary)",
        "hoverFg": "var(--wp--preset--color--white)",
        "postTitleHover": "var(--wp--preset--color--primary)",
        "opacity6bg": "rgba(0, 0, 0, 0.0625)",
        "opacity12bg": "rgba(0, 0, 0, 0.125)",
        "opacity25bg": "rgba(0, 0, 0, 0.25)",
        "opacity75bg": "rgba(0, 0, 0, 0.75)",
        "heading-fg": "#404040",
        "site-title-fg": "var(--wp--preset--color--primary)",
        "gallery-caption-bg": "rgba(0, 0, 0, 0.5)",
        "gallery-caption-fg": "#ffffff",
        "accent-1-fg": "#000000",
        "accent-2-fg": "#000000",
        "accent-4-fg": "#ffffff",
        "accent-5-fg": "#ffffff"
      },
      "gradient": {
        "light-to-dark": "linear-gradient(to bottom, rgba(255, 255, 255, 0.5) 0%, rgba(72, 17, 174, 0.5) 100%)",
        "dark-to-light": "linear-gradient(to bottom, rgba(72, 17, 174, 0.5) 0%, rgba(255, 255, 255, 0.5) 100%)"
      }
    }
  }
}
